date,keyword,rank,title,source,published,url
2026-03-07,건강 검진,1,"제주시, 여성농업인 특수건강검진 지원 80대까지 확대 - v.daum.net",v.daum.net,"Fri, 06 Mar 2026 04:40:28 GMT",https://news.google.com/rss/articles/CBMiT0FVX3lxTFBBNVNBTHRHSVBpY25seEVQeFozaldSRHZEeXctZHZDcGpGV3JfMEJfbWlybkEyZGtreWNLZG9xWXE2TnVUMUN1Z2xwa0F4MVk?oc=5
2026-03-07,건강 검진,2,"오산시, 여성농업인 특수건강검진 지원사업 추진 - 메트로신문",메트로신문,"Fri, 06 Mar 2026 06:35:33 GMT",https://news.google.com/rss/articles/CBMiYEFVX3lxTE1aTlhGQ2pMZEhKZ0dYcHBhMEZLeDFpTHc4WjVfeFNhQ0V3R0R0clJVd2lhcEwwVEtJSjdLVmo1RVZLNUZJWWpFS0k2ekpURFhCNFdLN1BaMzNrVDhtWU1KcA?oc=5
2026-03-07,건강 검진,3,"충주시, ‘여성농업인 특수건강검진 지원사업’ 추진 : 네이버 블로그 - Naver Blog",Naver Blog,"Thu, 05 Mar 2026 07:18:44 GMT",https://news.google.com/rss/articles/CBMijAFBVV95cUxPMkVZRWNuRmV4bEFQMnBJZDZMZ2l1SW9McUVjODducEhhcjFvX1BYWXhmT2x2aGo1S2RfdHRkWE9yQnRHalN2Yi1UMFJjTEhvTmMwV3pmQlNvQ3NqbkNRR3I1TjcxQ0k0U2VId3p0N1VDcFRsS1dBZ04xR2JOM3UzWTRRT2JfdHgtdjQwNg?oc=5
2026-03-07,건강 검진,4,"서울복지재단-KMI, 청년·장애인 180명에 무료 건강검진 제공 - 뉴스1",뉴스1,"Thu, 05 Mar 2026 21:00:00 GMT",https://news.google.com/rss/articles/CBMiT0FVX3lxTE9GTGxHRVpyb0Y2bmhSZWFqa2tLTlJoLUJMRDJYRFJUeGpXdTM3U2JDeUNKSmdLY2Zxb29vc1d3RkxnYWNNb0dPbGZ6djhoRm8?oc=5
2026-03-07,건강 검진,5,"서울시복지재단·KMI, 취약계층 무료 건강검진 지원 - 문화일보",문화일보,"Thu, 05 Mar 2026 21:49:54 GMT",https://news.google.com/rss/articles/CBMiUEFVX3lxTE5QLUR5YzRKMWVNTy0zT3BtVjRMVFltSi10UWxPeHUwNXREQnNoQnJIOHJWS3R2TG5Pc00xajU1eHMwaVFaZ0U3eF9NaldXYk1y?oc=5
2026-03-07,건강 검진,6,"[3월 6일(금) 오늘, 서울시] 취약계층 대상 무료 종합건강검진 지원 - 데일리안",데일리안,"Fri, 06 Mar 2026 00:34:00 GMT",https://news.google.com/rss/articles/CBMiVkFVX3lxTE0tcEFQYlZjY2JDTVlQT0x5ZFktYmxqMUFkTl9UanU2VVVEQ2hjT2J2OXRVUUN6YnEyZnd6WVNoNWNuYkZSNGZXaWZNUWRmV0JzVTQ5eEhR0gGGAkFVX3lxTE54cGd1dGkxUDE2OFJOeFlYQng4MG9EUGlWQWpZYkVxWTFpenBGWnhJOGdsREpzcmpUWGNUckwwam1nT3JiTEdfTjRkY1JwU1BEb3lFc1FUX0FWbHlWZW1IWTAxQTR4Y2xzUVZrd3Z1bm8zdjRQOWtjQ2hYLUlWRERqbHFfMjNVdTh5ZVdtYzJmVjZDV1Y1VTlHdG9OODVoQno3U0g3RVVvcTJXNnBRbDdLX0pyUXhkUmR2UVJucU14YzJjRHIzT1VWYTNjMnpwV0hEVVVhM3lZZnpnT0dKd0JrTm5HVHAwWFJsVDg2U1U0RzdfZ3VkUzJYMlVXeVRlbEtjMXBGeHc?oc=5
2026-03-07,건강 검진,7,"㈜한진, 택배 종사자 대상 ‘찾아가는 건강 검진’ 실시 - 뉴데일리 경제",뉴데일리 경제,"Thu, 05 Mar 2026 05:05:38 GMT",https://news.google.com/rss/articles/CBMie0FVX3lxTE1kTWRrWWpnMVJtcjg1OW5VWlUwOGZfLWJYSlZUQ1ZScTlpN2l4RC11TzB1cUl6T0JKa2FCdWZtU3BCaEhrem81dGtTbWpTeG96RFNKZ2pmYVVkZnpDc0VPZTVoUTk5TjZGVzJjenBBdVo3NVJ2R2xYeWJMQQ?oc=5
2026-03-07,건강 검진,8,"한진, 찾아가는 현장 건강검진 실시 - 서울와이어",서울와이어,"Thu, 05 Mar 2026 06:15:00 GMT",https://news.google.com/rss/articles/CBMia0FVX3lxTE1QaGtmQWFxR3ZaSGVVUEdUeDlfbWdiYnI2LUJnSVZ3b3ZGTmFOd0gtWXZVVlg0cHBwdXEwSEtic0ViU1MxQzlLRFV6cUpUcjhEdE0ybWdYQ2lsLVBmN0VEVXByWDZONWU3dHlN?oc=5
2026-03-07,건강 검진,9,"한진, 택배 종사자 건강 챙긴다…'건강검진·현장 지원' 강화 - 네이트",네이트,"Thu, 05 Mar 2026 06:11:00 GMT",https://news.google.com/rss/articles/CBMiU0FVX3lxTE8xcG1XYUozNW9VbmJxRm8tZDZqbWdEV1VzOHEwZk9ZcDJYU0VacWN2cWxHalhOYVM5aDROa0xfUkl3bGRxMVFjLUZFRVBmUS1TTnRR?oc=5
2026-03-07,건강 검진,10,"""건강검진 결과, AI가 풀어준다""…대웅제약 '비즈 36.5' 도입 - SBS Biz",SBS Biz,"Thu, 05 Mar 2026 06:34:00 GMT",https://news.google.com/rss/articles/CBMiU0FVX3lxTE1nS19LRUxxV0JKY3k3UEdfWkNmVFNzUFo0WTRaQ09WU0QxVGVrMklrcXBhZUl1VDNWQzJsZXZZX1BmR1NTU3JBY2k4NmJQSHNrd1BR?oc=5
2026-03-07,건강 보험,1,5세대 실손보험 완전 정복 - 네이버 프리미엄콘텐츠,네이버 프리미엄콘텐츠,"Thu, 05 Mar 2026 22:30:00 GMT",https://news.google.com/rss/articles/CBMilwFBVV95cUxQOG9hNGpSZXIyQ3EyXy1mdHRZTzJnbDlFY2tLOS1xenk3YS1iZFVtbmVUdFNsZ08xSFdpZlY2RXotX21FQlItWkpOV01FbEpHRko1MFFQUnVtRGRFMEg5M21FY3VISkxjVDc2ZTFuSVp0aU5id3I0cGZfMXM0cXU5akxtdG9Wazh6Q0R6aUZ4bEcwek9lVWRV?oc=5
2026-03-07,건강 보험,2,"보험사, 건강보험 특약 확대…“보장 공백 없도록” - IT조선",IT조선,"Fri, 06 Mar 2026 21:00:00 GMT",https://news.google.com/rss/articles/CBMicEFVX3lxTE5wS3FYUWdpVWRGOElCRnZ1VDN3RV83YXR3Rm9CQ05LLXpmNDRob2pTOUhOTUJ1SHJYYmhjRHRWTTVmNWc2ZVJyOG0ybktaZG01YTRYa2NERXY3Z1gtTzR2M3ozRE1pXzlfWGJadHpMcnLSAXRBVV95cUxOSnpvWHhwd3ppZWdGVW0wRXQwSnJjaXprOWJPVDFIcmRwV2FXSDg4NlJUc3l3S1cxeU95M25FVGV6S2JlRkhxd29DTjkyNXpzd1JvRDYyaGRSbnhXRUJfLWtfNTZVM2ZtYWZlMG9wVUtNdjRRQQ?oc=5
2026-03-07,건강 보험,3,"건보 일산병원, 26년간 지역의료 선도…""고난도·전문 진료 제공"" - 네이트",네이트,"Fri, 06 Mar 2026 05:54:00 GMT",https://news.google.com/rss/articles/CBMieEFVX3lxTE1LZVNsM0lhVWtlQjFxRlpEQmZsVlMzdGw0VWRnTGdEQ2p0Q2IzUk01ZWZoVUFqTXNpcjFjVTNLVUJqX1FkWlV6N1FnZXpBUjJyUE9rV1ltUHZPZm4zUmEtN1dtVURaWHlWT0h2TVNGcTQ3V2VoR0xLcw?oc=5
2026-03-07,건강 보험,4,"로슈 혈액암 치료제 '컬럼비', 건강보험 적용 청신호 - v.daum.net",v.daum.net,"Wed, 04 Mar 2026 11:18:07 GMT",https://news.google.com/rss/articles/CBMiT0FVX3lxTE9RQ0xYSHdNSFE1cDlQU3pYYjBNWDVmYUxudmptenhPWS03SWJMT20wdW4yU1ZVaXZ4YkQyak14Rkk3Wl9jT1ZVejRRNTV0ek0?oc=5
2026-03-07,건강 보험,5,“건강보험료 감당 못해 플랜 낮췄다” - 미주한국일보,미주한국일보,"Thu, 05 Mar 2026 03:00:00 GMT",https://news.google.com/rss/articles/CBMiX0FVX3lxTE9oa2pYdlRjcmVzcUp2OWNVMmR4SFV4XzYtWmlWM3FqYnpka3gwdEhCOHF3dU13M3BodWo0RGlucDNSdXZxVnRjV2tBTURRNWFVMDcwdDhMbmNscENPLUVr?oc=5
2026-03-07,건강 보험,6,"“주력 상품 자리 내줬다”… 단기납종신 ‘5·7년납’ 시책, ‘700종신·통합건강’으로 갈아타기 - 보험저널",보험저널,"Fri, 06 Mar 2026 01:31:06 GMT",https://news.google.com/rss/articles/CBMib0FVX3lxTE5zdmRtSncxZlpDb3VOZHZEb1JJWW05MHdsb0ozcFo1Um1YclkyVktGbWJKQ2tNSlgxRnE1S1ZuODNZRGY5R0lFMkptSWREbmJtQTRfUTN4ZkZ4Q2s4dFhTeF8yLTdzRXVoNE41d2Z6cw?oc=5
2026-03-07,건강 보험,7,[더밸류 브리핑] 오늘의 보험 소식···메리츠화재·AIA생명·심평원 - 더밸류뉴스,더밸류뉴스,"Fri, 06 Mar 2026 04:12:15 GMT",https://news.google.com/rss/articles/CBMiVEFVX3lxTE5vakdBMDJUMHNXS21qLXNNTDd3bGU1N0htN0RxQk9Nd1F2RlMzSDU5NE9zQmlDajBaOFNpMy0tZGhZVTQ1ZkdkUG5ES0EzbmdKZzM4Tw?oc=5
2026-03-07,건강 보험,8,건강보험 일산병원 “기능적 상급종병 도약” - 데일리메디,데일리메디,"Fri, 06 Mar 2026 08:28:00 GMT",https://news.google.com/rss/articles/CBMidEFVX3lxTE1Pc040djVway1SZG85TlBOLXJEYjRNWXFqUWN1SHJ3Sm03S2puQjltY2VpTWZhaV9NU003aWhndGc4Q3hMclY2QU5ka3N2TldQbWZkRXh2Sm14cmVpVEZ2S09Cemo1cVRnbUpTU2ZjcGZwYUk0?oc=5
2026-03-07,건강 보험,9,"[솔로이코노미] ""오래 살수록 혼자 버텨야 한다""…유병장수 시대 보험, 치료비·간병비 중심으로 재편 - 데일리팝",데일리팝,"Fri, 06 Mar 2026 06:59:00 GMT",https://news.google.com/rss/articles/CBMiZ0FVX3lxTE9FY21JaGtBU0RIY01aNDhBU1dfV201VFpJVVU4N1Y1QmI0OHFRMlp4SXExczh1REYxdERnTUhocW10VjVTTXdpMUJ2aTcwcWU2S2RzMm5FaGc3RU85bTNZV1EwNmJ5UXM?oc=5
2026-03-07,건강 보험,10,"건강보험 일산병원 개원 26주년 ""기능적 상급종합병원급 병원으로 자리매김"" - 약사공론",약사공론,"Fri, 06 Mar 2026 04:40:28 GMT",https://news.google.com/rss/articles/CBMibEFVX3lxTE1oYmZnSnF2QURjSWQ4NnBBMEtkdGwtMjAtTTBIckgxUDJ3VkdENFYyRWk1ZmtJdWRucUg3UVVSOG1SbW9Zd0syMWZGUFdqUlN6bVRkV2RobjYyTWx5R2hGYkdhTHVpTUxMUUlFQQ?oc=5
2026-03-07,국민 건강,1,"한국건강검진기관협의회, 제3대 이광엽 회장 위촉 - 에너지경제신문",에너지경제신문,"Sat, 07 Mar 2026 01:12:03 GMT",https://news.google.com/rss/articles/CBMiY0FVX3lxTE1BRHNsZER3NmRTSW11ZkpuLThKRVowTXdnOWRWZXAtbnM2aFRKZXdkYmh3c0h4bWRtcGQ4czItU3p2bTNqZW1xSm1mLTZ6SWN0SllPWUo5Y2FYS09rMEYxLTA4VQ?oc=5
2026-03-07,국민 건강,2,[환경부] 국민 건강 보호를 최우선으로 범부처 봄철 초미세먼지 저감 총력 대응 - 국가기후위기대응위원회,국가기후위기대응위원회,"Thu, 05 Mar 2026 03:23:17 GMT",https://news.google.com/rss/articles/CBMi2gFBVV95cUxPYm4tWG5kQ1ptbE13Xzc1dk5qY2YtTk15MnhOVV9tYWN0dG52VG1GSEc3U2E2VVRZUjZGVkFudUxNZktOSjhlQTh2X25mTG41NHBHOFJaMS03Nm1nSXRnaUxtNGY5cW90dHVhWGRHVlFvR01sbXFTYTRibjFUdVJKdnBkN0EtQnNkX2dLSGZaTnVMemxFTFNVYW1BYTdHQmwxeENDbkZSTW5yeE9NOTBnUVdWSmxsWG16RFNpckZlREVNTGhIWG5lRmFhYzVfSXFqZi1iNmlCcGY1QQ?oc=5
2026-03-07,국민 건강,3,"'26주년' 건강보험 일산병원, 보험자병원으로 지역의료 선도 - 의학신문",의학신문,"Fri, 06 Mar 2026 07:04:31 GMT",https://news.google.com/rss/articles/CBMiakFVX3lxTFBrNHQ4czJFQkFSN01aN2tEWFp0RVJicFJkMlczY3ZpS2dXZ1VTT1FTdWlpSnZ2cXpvbnBnaDhMbGs4MzhxSk9kM0ctVUxkSVhVS0h0UDg1VkxZN2ZYOGlYdGpoZ1pYaHgyWlE?oc=5
2026-03-07,국민 건강,4,"""기후변화→국민건강 영향 조사해 대책 마련""…박주민 대표 발의 - 뉴스1",뉴스1,"Wed, 04 Mar 2026 06:48:33 GMT",https://news.google.com/rss/articles/CBMiXEFVX3lxTE9XSzQxc2wzNkd2RURiWUZqMVV4aXZudTUzRmxBdnJrOTl2ek14cE1fSHFxMXZ3TkR5Y2NpTUwyNEpSbzFlSUEtcC1lbktJaUh2Tm53eXRETG8yQndk?oc=5
2026-03-07,국민 건강,5,“국민 63.6% ‘가짜 건강정보’ 경험…1위는 영양제 정보” - 약사공론,약사공론,"Fri, 06 Mar 2026 03:00:00 GMT",https://news.google.com/rss/articles/CBMibEFVX3lxTE82T1hqY25TT2NNNmhRUjdzcnZUUEJXaFhkVHdKWFBBQ0hyX2tDNHkweV9mREYtbEFySWpzcGhWNl9RYW9OazlWeHpuY2N4SVdZZEtlT0RSME9QeXFuWUZpTlZ6U1JLNXhPOWpYRg?oc=5
2026-03-07,국민 건강,6,"국민 63.6% ""부정확한 건강정보 경험...허위정보 막아야"" - 의협신문",의협신문,"Fri, 06 Mar 2026 05:06:26 GMT",https://news.google.com/rss/articles/CBMickFVX3lxTE05SWo3VlpfUHduYVNOMmZleHdDY0lSVVYtVGtQNXRNRzRBRmRFZmRLVi1DM3BOM2tGZ1dTaC13UTkxNm1aUkdwakhlcEtvNGZBVFNJTXI3QXJiYzdLLW1KV3pEckhJSmhaYUFuOWUwUk1hZw?oc=5
2026-03-07,국민 건강,7,"조용준 이사장 “국민건강 사수했는데, 벼랑으로 몰려” - 후생신보",후생신보,"Tue, 03 Mar 2026 05:07:00 GMT",https://news.google.com/rss/articles/CBMiUkFVX3lxTE9SbVh1SnlwRDlPUWVWeXluZThib3QwN1ZnOUpHSHFkZVZWb1VOenZOVHB2dW1MTVlaS2tkVzIxMTU3Vms2dFVXWm1FQnVjODhMcmc?oc=5
2026-03-07,국민 건강,8,"국민건강보험공단, 美 LACP 비전 어워드 대상 수상 - 한국의약통신",한국의약통신,"Tue, 03 Mar 2026 01:50:01 GMT",https://news.google.com/rss/articles/CBMia0FVX3lxTE5LcWt0MWJSZnBrWTB6WFAzQjdRb3VSNE5pdExYeVlkTElFSXdfYWFMSXE3aXd3cHVCcHhvbm1CYnI5YUttWXJ2NmNYcFhXS0dqRFkzOG56a3VvZHJZbGd5bDVqOWV3NGhEVjk4?oc=5
2026-03-07,국민 건강,9,"국민건강보험공단, 美 ‘LACP 비전 어워드’ 플래티넘 대상 - 시사저널",시사저널,"Wed, 04 Mar 2026 02:18:21 GMT",https://news.google.com/rss/articles/CBMib0FVX3lxTE16cjJyR251TDl4YVl2cEFiRjlneWRneldQeVVFRlMzS0x3WlFxcUQtYTNmOWRva2xHMkZPeUZ0c1l2bmthZ0x1Z1l5TFFjTExaVkZqQlZrd0xUZGZLU3dnMG0tYWdFazdEVUR2MG5MZ9IBc0FVX3lxTE84dlpxc2d6RjdPYkVhRUJNd0VzN3FwR185V2dOOG9OaWZBNlFmcFVrazYtcUhMSmFleGZRNDItdVhmbWFlbThHNktzT2VDYTlVLThtUXpyYkVadGZnX0ZBMEM2SWVKaW1wX01QMXZhN1ZQTTg?oc=5
2026-03-07,국민 건강,10,“벌써 26살”…건보 일산병원 26주년 기념행사 성료 - 병원신문,병원신문,"Fri, 06 Mar 2026 08:25:30 GMT",https://news.google.com/rss/articles/CBMiakFVX3lxTE9xa29kNklCMV9vdUJpRV9BX3V0UTFTOXowMWVaWEZMd3FZamZjWE9jYUdGMEV1YlhXRnJfd2RNX1Fsamtkd2pCc3ZFN2hIMDdKbnVlTGY4eFl4XzBWbUx2QlM1V1FjRFc4bFE?oc=5
2026-03-07,정신 건강 의학과,1,"아동을 살리는 조현정신건강의학과의원, 세이브더칠드런 '위세이브' 5724호 가입 - v.daum.net",v.daum.net,"Fri, 06 Mar 2026 15:59:09 GMT",https://news.google.com/rss/articles/CBMiRkFVX3lxTE0tX0ZjX1NRX2c1bG5UWE5ScmtabXR0eWxwMDd1QWo1NUJ5WFFkYlF2ZVVhT0hRTjhHbTV1VjlzalBQZEhhaFE?oc=5
2026-03-07,정신 건강 의학과,2,"제주교육청, 정서위기 지원 ‘정신건강의학과 전문의’ 18명 위촉 - 제주의소리",제주의소리,"Thu, 05 Mar 2026 07:58:34 GMT",https://news.google.com/rss/articles/CBMia0FVX3lxTE1sVjd3d0l6OUkxZXZlOGJ1eXVtTTF3NlcyNUgwNzhldUQ0N0ppTUhUU041OHlLcDYxdERxUEFfekV2RlgzM1ljbVo5WDdLbU0wWFBFLS10cnozWkhOSTdTTktpSGVNN0UtZ0xV?oc=5
2026-03-07,정신 건강 의학과,3,[부고] 오강섭(성균관의대 정신건강의학과 교수)씨 장모상 - 연합뉴스,연합뉴스,"Sun, 01 Mar 2026 06:05:38 GMT",https://news.google.com/rss/articles/CBMiW0FVX3lxTE1iWHZsLXpfSmZvNVc3dWJ4WVBJTW9aMWd5N2lPd3RPRXBHSjJQbmZaVnpHYjJHdTY5dXNpckVYa1VFb0FpcmlEOGIxMGthM1otc2ZuSDRWNW1MWUnSAWBBVV95cUxNRmUwcTBrVFdkRVUtUThLbXFBQ0ZtVmYwR2lfb0traDJ6SFBSNlR6ZnNNdTlmUUNNRDZMMTZ1OHZwSnBFM2VBZDBMbDR5QUFpdEJaMkk1YTVxNEtSM2l6TmQ?oc=5
2026-03-07,정신 건강 의학과,4,노현웅 (아주대학교 의과대학 정신건강의학교실) | 한빛사 인터뷰 > 한빛사 - BRIC,BRIC,"Fri, 06 Mar 2026 00:15:39 GMT",https://news.google.com/rss/articles/CBMikAFBVV95cUxOdUtKUnA2d3RoVXJZeEhpejF2VkNkaWRLZGF5ejlzcmZUTTZhcVRNWlR4Wm5vZVVPUUNWVWQ3OXFnZHpRUlhQUXNoU1lIRXZQeHVpQlFHZGFtTEtiTXoxdlVIY2RyYlhXcjJmeVhQYXVoQ2dSWmh2RjBDeGZhUW9yWjBQQUNLZWhzQlEzb3JpRmg?oc=5
2026-03-07,정신 건강 의학과,5,"도교육청, 정신건강의학과 전문의 위촉 - 제주매일",제주매일,"Mon, 02 Mar 2026 08:00:00 GMT",https://news.google.com/rss/articles/CBMibEFVX3lxTFB3RWxOMFBjbmpGQlB5LVhZbHhnQ1VDb3ZZVy1TWlRUQUhJRGxmby1MVHFGNzFDcFlXOGtkelI1V0ZGUDc2bkpJZzNpVU81OTM2TFI2VGZJclF0MkxQRk5DVnV2UFY3MGMyUVN2dA?oc=5
2026-03-07,정신 건강 의학과,6,"공황장애, 약물·인지행동치료로 충분히 극복 가능 - 헬스경향",헬스경향,"Fri, 06 Mar 2026 05:20:00 GMT",https://news.google.com/rss/articles/CBMiakFVX3lxTE43RDBOVHZVUmN5eE1EYnpXcWs3VVBLWEoxQXdaYXVONXo3RVlIeXJoRjNCYjFKY3M0LUdyb0prNXlJNm1qNE0teHJBVm5tUThBd0Vxd3Yyc1E5NXhkYUJEN244V2N0ZkQxckE?oc=5
2026-03-07,정신 건강 의학과,7,대학건강센터 3월 정신건강의학과 상담클리닉 - 이대학보,이대학보,"Tue, 03 Mar 2026 08:00:00 GMT",https://news.google.com/rss/articles/CBMiakFVX3lxTE5OdGxGdzBCa2lmU3JiOWhyQUlIZkt3dHpjY0dnVFZZdkxBWjZ0dkpBSHRkMkdOWlMtUjJSUUdJMnc5ZHA5NU92UUYtRzc1bEExLWkyb0hYRTJ3ZTlPUnl2OHNEQ3hfc3FHQ1HSAW5BVV95cUxOYzkwRFB3SHNYd1QycGRuRk1CWW9lUWpMUF8zeTk5amEyemNiSmlQY2JXQnlpRTkzQUpvekNfZHZGZVBhUXVVam1vTTdBV2xmaFlVUk5OZHJYOTlZMkVGclFpcU8ydFBVYVdPcTNtZw?oc=5
2026-03-07,정신 건강 의학과,8,[부음] 오강섭(성균관의대 정신건강의학과 교수)씨 장모상 - 전자신문,전자신문,"Mon, 02 Mar 2026 02:54:11 GMT",https://news.google.com/rss/articles/CBMiTkFVX3lxTE5tVTZ4ajdZcUhQR3JkcElxUEcydEVzUm5NMUVfQlpkMTdlbExfUjBBcjBNT0dObEVROVNTUkg2MmlNYTNUd1FVc3VHTlFXUQ?oc=5
2026-03-07,정신 건강 의학과,9,"[연합뉴스TV] 권준수 의학과(정신건강의학과) 교수, 서울시 AI 상담 챗봇 ‘마음이’ 도입에 관해 코멘트 - 뉴스H",뉴스H,"Fri, 20 Feb 2026 08:00:00 GMT",https://news.google.com/rss/articles/CBMia0FVX3lxTE5QMEs2VGFBbWNMbnVLeEh1di1OdzZINVJWcE1qOWZBVW84Z0ZwUU04cUt2aVN3WG5nSXY3aEJ2dmg3VzZGOUl6dk5jM1VVUmVMWnVSYjBINHRkd0ZEWUJUTFlmMF82Q3VPRlEw?oc=5
2026-03-07,정신 건강 의학과,10,"제주도교육청, 학생 마음건강 지원 강화 - 제주도민일보",제주도민일보,"Thu, 05 Mar 2026 03:45:03 GMT",https://news.google.com/rss/articles/CBMib0FVX3lxTE42VXFmVHVNRjctMVVhOGZMYjhzN3FUZGVzTzkxdVNQVnNNa2ZWSFMxOEtIb3NJNlB4eENBMEFqWHlKZVVwRUFTS0pWeUExOE9GWHVIVzJkdWlxRS0yb3lteGMyWEllT3hoZU1HMENJcw?oc=5
2026-03-07,국민 건강 보험,1,건강보험 일산병원 “기능적 상급종병 도약” - 데일리메디,데일리메디,"Fri, 06 Mar 2026 08:28:00 GMT",https://news.google.com/rss/articles/CBMidEFVX3lxTE1Pc040djVway1SZG85TlBOLXJEYjRNWXFqUWN1SHJ3Sm03S2puQjltY2VpTWZhaV9NU003aWhndGc4Q3hMclY2QU5ka3N2TldQbWZkRXh2Sm14cmVpVEZ2S09Cemo1cVRnbUpTU2ZjcGZwYUk0?oc=5
2026-03-07,국민 건강 보험,2,"국민건강보험 일산병원, 기능적 상급종합병원 선포 外 - 의약뉴스",의약뉴스,"Fri, 06 Mar 2026 09:24:04 GMT",https://news.google.com/rss/articles/CBMiZ0FVX3lxTE1sdnNPaGU4Vy1hQXdLZ0hXVGpuaHN1RXlEd1B3Z19obTd2UG81V1phNlMwVjVLb25zdy1NdWF3UnN4NGd4QTc0b2NFZHBGcUY3NzBOcUkxYkFtdEM3NXJwU3ZaRFVydjA?oc=5
2026-03-07,국민 건강 보험,3,"'26주년' 건강보험 일산병원, 보험자병원으로 지역의료 선도 - 의학신문",의학신문,"Fri, 06 Mar 2026 07:04:31 GMT",https://news.google.com/rss/articles/CBMiakFVX3lxTFBrNHQ4czJFQkFSN01aN2tEWFp0RVJicFJkMlczY3ZpS2dXZ1VTT1FTdWlpSnZ2cXpvbnBnaDhMbGs4MzhxSk9kM0ctVUxkSVhVS0h0UDg1VkxZN2ZYOGlYdGpoZ1pYaHgyWlE?oc=5
2026-03-07,국민 건강 보험,4,"제도 시행 50년 ""건강보험 성과 재조명한다"" - 약사공론",약사공론,"Thu, 05 Mar 2026 02:59:00 GMT",https://news.google.com/rss/articles/CBMibEFVX3lxTE84WFdwSDhFdUhCZURQT3JUa3oyZTQtVGJqdzRFVmY5QTlIVzAyTU9DNVdiZEd0Q180cTV3RW5fYVQtNUtSS1RyQWl2ejU5N1ZQZWR5Rkh6NTFCQTBYS3RnNnczajFBRWFkNnc0Tw?oc=5
2026-03-07,국민 건강 보험,5,"政, 2026년 국민건강보험 종합계획 시행계획 확정 - 의사신문",의사신문,"Thu, 26 Feb 2026 00:52:00 GMT",https://news.google.com/rss/articles/CBMib0FVX3lxTFBHZWdTMzNYTkwxUjRBYThVekNiMkFnalJDbEFSa19iM0tHRmVsQ19LR0NQQjY3cmpvandBem5HbGl6SGRJOXU4N191eDVVM0FkZUFTUERkTjk2NXRJR3ctbnRKbTRjc2wxcGN2a0hUQQ?oc=5
2026-03-07,국민 건강 보험,6,"건강보험공단 광진지사, 그룹홈 아이들에게 따뜻한 선물 - 디지털광진",디지털광진,"Thu, 05 Mar 2026 06:49:00 GMT",https://news.google.com/rss/articles/CBMiQ0FVX3lxTE9kRkgtQl9hYUdGVzZPbUlIM0VKWjN3T05BRHBfaFJIVmg0RFdzVmlnMTFiM3psWmdlZXFsMTE2VDRicjA?oc=5
2026-03-07,국민 건강 보험,7,“벌써 26살”…건보 일산병원 26주년 기념행사 성료 - 병원신문,병원신문,"Fri, 06 Mar 2026 08:25:30 GMT",https://news.google.com/rss/articles/CBMiakFVX3lxTE9xa29kNklCMV9vdUJpRV9BX3V0UTFTOXowMWVaWEZMd3FZamZjWE9jYUdGMEV1YlhXRnJfd2RNX1Fsamtkd2pCc3ZFN2hIMDdKbnVlTGY4eFl4XzBWbUx2QlM1V1FjRFc4bFE?oc=5
2026-03-07,국민 건강 보험,8,"[이로운넷현장]""건강보험 65% 보장…남은 35%는 누구의 몫인가"" '제2 공공보험' 논의 본격화 - 이로운넷",이로운넷,"Tue, 03 Mar 2026 07:50:00 GMT",https://news.google.com/rss/articles/CBMiZkFVX3lxTE0tNjhNTzYwc0dqQ1NrUnJmVGxjTmRWaTQtR1ZDNndHcGtvX3p3d2lJUjRWYnVxNDhlTURyTXJmTXhWUmRKVnpPRk1FTkxETWJ5bDFBaF9hWkR0ZUdPdzR6TDJQaFV5dw?oc=5
2026-03-07,국민 건강 보험,9,"카카오, 국민건강보험 모바일 전자문서 서비스 제공 - 브릿지경제",브릿지경제,"Tue, 03 Mar 2026 01:03:00 GMT",https://news.google.com/rss/articles/CBMiWkFVX3lxTFBBUU40MElDbzVYQVFua0NMLVlRclJyV0NZdU1SVWZPQzhFc0ZpSEN3Nm9mcTc0VnJJaDFaM0oxbm9hdTMxa2Exczd6dTVZaHZVMXAwNl9ZQjAzUQ?oc=5
2026-03-07,국민 건강 보험,10,"카카오, 국민건강보험공단 전자문서 카카오톡으로 확대 - CNB뉴스",CNB뉴스,"Tue, 03 Mar 2026 07:03:56 GMT",https://news.google.com/rss/articles/CBMiZEFVX3lxTE52N25Nc2hNaVloZV9BcTJ2bDdKTXJ5VGM3X0tIay1ZQUhIZkFEQ21CeW9reWdmMGdncVlfc2ZVOHZpcHl2a1BUVUU4aVA2TnlRYXFqSnR0QlhRdXV1cWdJZE1VM08?oc=5
2026-03-07,건강 보험 공단,1,"제도 시행 50년 ""건강보험 성과 재조명한다"" - 약사공론",약사공론,"Thu, 05 Mar 2026 02:59:00 GMT",https://news.google.com/rss/articles/CBMibEFVX3lxTE84WFdwSDhFdUhCZURQT3JUa3oyZTQtVGJqdzRFVmY5QTlIVzAyTU9DNVdiZEd0Q180cTV3RW5fYVQtNUtSS1RyQWl2ejU5N1ZQZWR5Rkh6NTFCQTBYS3RnNnczajFBRWFkNnc0Tw?oc=5
2026-03-07,건강 보험 공단,2,"'26주년' 건강보험 일산병원, 보험자병원으로 지역의료 선도 - 의학신문",의학신문,"Fri, 06 Mar 2026 07:04:31 GMT",https://news.google.com/rss/articles/CBMiakFVX3lxTFBrNHQ4czJFQkFSN01aN2tEWFp0RVJicFJkMlczY3ZpS2dXZ1VTT1FTdWlpSnZ2cXpvbnBnaDhMbGs4MzhxSk9kM0ctVUxkSVhVS0h0UDg1VkxZN2ZYOGlYdGpoZ1pYaHgyWlE?oc=5
2026-03-07,건강 보험 공단,3,"건강보험공단 광진지사, 그룹홈 아이들에게 따뜻한 선물 - 디지털광진",디지털광진,"Thu, 05 Mar 2026 06:49:00 GMT",https://news.google.com/rss/articles/CBMiQ0FVX3lxTE9kRkgtQl9hYUdGVzZPbUlIM0VKWjN3T05BRHBfaFJIVmg0RFdzVmlnMTFiM3psWmdlZXFsMTE2VDRicjA?oc=5
2026-03-07,건강 보험 공단,4,건강보험공단 고객센터: 건보공단의 공격을 일부 저지하다 - 노동자 연대,노동자 연대,"Tue, 03 Mar 2026 01:26:19 GMT",https://news.google.com/rss/articles/CBMiREFVX3lxTE8tSncyTG5kVDUtVjVTWmNaTkY1MnNldUN3N2hqblozay1GUHVRcl8tNk5oaERWbWJzTHRIX0tWc3NxcFoy?oc=5
2026-03-07,건강 보험 공단,5,국민건강보험공단 고객센터 노동자들의 진정한 정규직 전환을 기대한다 - 은평시민신문,은평시민신문,"Thu, 05 Mar 2026 04:53:38 GMT",https://news.google.com/rss/articles/CBMiZ0FVX3lxTE53U2NRdEMycVhGdmQyemhaOXRXTHROVjZQSEFzQndaaDc2U1hTQjNNWjNFU1JkVXJyVkI5TDY3emdySEg4UUwtcWhiamJ0Zk5nc29MbmVQY2pRU3ZvcmdTLUlNRUpsRjg?oc=5
2026-03-07,건강 보험 공단,6,"건강보험공단, 지속가능경영보고서 ‘LACP 비전 어워드’ 최고 영예 - BBS불교방송",BBS불교방송,"Tue, 03 Mar 2026 01:04:54 GMT",https://news.google.com/rss/articles/CBMia0FVX3lxTFBoMy1oN3hEWEt0ZGllOWNKbmNrYXU0ZDFJdGw1c2wwbnNpRlhvbnhQS3hpUzVFYXRwX04wZkhFVll3S0xGcHQtTzNhSmw4cUltUVBSWlo2aWJDSy1GVVJFU2tHT3gxR3R0dktN?oc=5
2026-03-07,건강 보험 공단,7,"국민건강보험 일산병원, 기능적 상급종합병원 선포 外 - 의약뉴스",의약뉴스,"Fri, 06 Mar 2026 09:24:04 GMT",https://news.google.com/rss/articles/CBMiZ0FVX3lxTE1sdnNPaGU4Vy1hQXdLZ0hXVGpuaHN1RXlEd1B3Z19obTd2UG81V1phNlMwVjVLb25zdy1NdWF3UnN4NGd4QTc0b2NFZHBGcUY3NzBOcUkxYkFtdEM3NXJwU3ZaRFVydjA?oc=5
2026-03-07,건강 보험 공단,8,[건보공단 부울경본부] 노사 공동 위생용품 키트 '사랑담은 핑크박스' 기증 외 - 네이트,네이트,"Fri, 06 Mar 2026 15:02:00 GMT",https://news.google.com/rss/articles/CBMiU0FVX3lxTE01eGVlZnpSVzdwWFFuNGp5LVdPcmRJWDZ1Y2Z1LU82TVhLSWI5X3NwaE9LNUtQcXAyVXFJcFJvazJsT19WNVhVbnFoMDJIMlM3TXVF?oc=5
2026-03-07,건강 보험 공단,9,"카카오, 국민건강보험공단 모바일 전자문서 카카오톡으로 제공 - 비즈니스포스트",비즈니스포스트,"Tue, 03 Mar 2026 01:05:37 GMT",https://news.google.com/rss/articles/CBMic0FVX3lxTFBRNWotVzgwQ21KVUVSVmlTM0toOWFrT0JRc2hGRmlEeEllVXQ3cFhYcWJ6WXJLVzRfQ2ZWcUxhUDFYODhKRVkyUG10cHRaZVp4V0NsSmFXSWVoeWVoT2hCeGpsN0Y4X09tM1pnajdYdTdScWc?oc=5
2026-03-07,건강 보험 공단,10,"국민건강보험공단, 美 ‘LACP 비전 어워드’ 플래티넘 대상 - v.daum.net",v.daum.net,"Wed, 04 Mar 2026 02:20:02 GMT",https://news.google.com/rss/articles/CBMiT0FVX3lxTE5xdXRUemxDRjlfSVpiYXZDcWo5S0Y4cm51b0JLSUJoUXZ0RFhrMkotWDdmSUlHUkI2VnpyQ2hncUF4MGJYZmpzbF9iQU1lS00?oc=5
2026-03-07,국민 건강 보험 공단,1,아직도 채용시 ‘용모 평가’ 하는 건보공단의 ‘시대 역행’ [플랫] - 경향신문,경향신문,"Wed, 25 Feb 2026 08:00:00 GMT",https://news.google.com/rss/articles/CBMiWkFVX3lxTE5BOGE3aXRaSGI4ZzBXaWh3UTN4OVFWUVdlZUVlY21mNEItTnRsRm54cFFWSzU3TWlzVmZyMWMzTWg4c1ZQaW5oZW1VOWloRjE2bktCR3IzczN2dw?oc=5
2026-03-07,국민 건강 보험 공단,2,"국민건강보험공단 부울경지역본부와 국민건강보험노동조합 부산지역본부지부, 성품 전달 - 국제신문",국제신문,"Thu, 05 Mar 2026 10:39:00 GMT",https://news.google.com/rss/articles/CBMihgFBVV95cUxPUUlTRk1QSG5TMXMtMlA0cjdfQmFXY0Nhb0VWWGdLbldXQlg0Si0xYnRZc21NVXEwWXUxOHM5ell5Y2FrdWNKRHBFNy10M1VhNmhENEwySFMwejBIQ1ZiQ0RTOC1JRnVoUUdTc2FDQ3ozV0RIX1BZQm1JZmp1T01hOUtNWGtIUQ?oc=5
2026-03-07,국민 건강 보험 공단,3,"제도 시행 50년 ""건강보험 성과 재조명한다"" - 약사공론",약사공론,"Thu, 05 Mar 2026 02:59:00 GMT",https://news.google.com/rss/articles/CBMibEFVX3lxTE84WFdwSDhFdUhCZURQT3JUa3oyZTQtVGJqdzRFVmY5QTlIVzAyTU9DNVdiZEd0Q180cTV3RW5fYVQtNUtSS1RyQWl2ejU5N1ZQZWR5Rkh6NTFCQTBYS3RnNnczajFBRWFkNnc0Tw?oc=5
2026-03-07,국민 건강 보험 공단,4,"'26주년' 건강보험 일산병원, 보험자병원으로 지역의료 선도 - 의학신문",의학신문,"Fri, 06 Mar 2026 07:04:31 GMT",https://news.google.com/rss/articles/CBMiakFVX3lxTFBrNHQ4czJFQkFSN01aN2tEWFp0RVJicFJkMlczY3ZpS2dXZ1VTT1FTdWlpSnZ2cXpvbnBnaDhMbGs4MzhxSk9kM0ctVUxkSVhVS0h0UDg1VkxZN2ZYOGlYdGpoZ1pYaHgyWlE?oc=5
2026-03-07,국민 건강 보험 공단,5,국민건강보험공단 고객센터 노동자들의 진정한 정규직 전환을 기대한다 - 은평시민신문,은평시민신문,"Thu, 05 Mar 2026 04:53:38 GMT",https://news.google.com/rss/articles/CBMiZ0FVX3lxTE53U2NRdEMycVhGdmQyemhaOXRXTHROVjZQSEFzQndaaDc2U1hTQjNNWjNFU1JkVXJyVkI5TDY3emdySEg4UUwtcWhiamJ0Zk5nc29MbmVQY2pRU3ZvcmdTLUlNRUpsRjg?oc=5
2026-03-07,국민 건강 보험 공단,6,[건보공단 부울경본부] 노사 공동 위생용품 키트 '사랑담은 핑크박스' 기증 외 - 네이트,네이트,"Fri, 06 Mar 2026 15:02:00 GMT",https://news.google.com/rss/articles/CBMiU0FVX3lxTE01eGVlZnpSVzdwWFFuNGp5LVdPcmRJWDZ1Y2Z1LU82TVhLSWI5X3NwaE9LNUtQcXAyVXFJcFJvazJsT19WNVhVbnFoMDJIMlM3TXVF?oc=5
2026-03-07,국민 건강 보험 공단,7,“벌써 26살”…건보 일산병원 26주년 기념행사 성료 - 병원신문,병원신문,"Fri, 06 Mar 2026 08:25:30 GMT",https://news.google.com/rss/articles/CBMiakFVX3lxTE9xa29kNklCMV9vdUJpRV9BX3V0UTFTOXowMWVaWEZMd3FZamZjWE9jYUdGMEV1YlhXRnJfd2RNX1Fsamtkd2pCc3ZFN2hIMDdKbnVlTGY4eFl4XzBWbUx2QlM1V1FjRFc4bFE?oc=5
2026-03-07,국민 건강 보험 공단,8,"건강보험공단 광진지사, 그룹홈 아이들에게 따뜻한 선물 - 디지털광진",디지털광진,"Thu, 05 Mar 2026 06:49:00 GMT",https://news.google.com/rss/articles/CBMiQ0FVX3lxTE9kRkgtQl9hYUdGVzZPbUlIM0VKWjN3T05BRHBfaFJIVmg0RFdzVmlnMTFiM3psWmdlZXFsMTE2VDRicjA?oc=5
2026-03-07,국민 건강 보험 공단,9,"국민건강보험공단, LACP 비전 어워드 '플래티넘 대상' 수상 - v.daum.net",v.daum.net,"Tue, 03 Mar 2026 01:04:43 GMT",https://news.google.com/rss/articles/CBMiT0FVX3lxTFBscTZzYktKcXBPb1Rucl9TdTV1TnNtMmgwbHdFMFNoMVYxRXI5YkR4OWozOEY1bGdNeVJILTBSMXJsV3E0RDN2blFhcTBDQnc?oc=5
2026-03-07,국민 건강 보험 공단,10,"카카오, 국민건강보험공단 모바일 전자문서 카카오톡으로 제공 - 비즈니스포스트",비즈니스포스트,"Tue, 03 Mar 2026 01:05:37 GMT",https://news.google.com/rss/articles/CBMic0FVX3lxTFBRNWotVzgwQ21KVUVSVmlTM0toOWFrT0JRc2hGRmlEeEllVXQ3cFhYcWJ6WXJLVzRfQ2ZWcUxhUDFYODhKRVkyUG10cHRaZVp4V0NsSmFXSWVoeWVoT2hCeGpsN0Y4X09tM1pnajdYdTdScWc?oc=5
2026-03-07,건강 관리 협회,1,"한국건강검진기관협의회, 제3대 이광엽 회장 위촉 - 에너지경제신문",에너지경제신문,"Sat, 07 Mar 2026 01:12:03 GMT",https://news.google.com/rss/articles/CBMiY0FVX3lxTE1BRHNsZER3NmRTSW11ZkpuLThKRVowTXdnOWRWZXAtbnM2aFRKZXdkYmh3c0h4bWRtcGQ4czItU3p2bTNqZW1xSm1mLTZ6SWN0SllPWUo5Y2FYS09rMEYxLTA4VQ?oc=5
2026-03-07,건강 관리 협회,2,제31회 한국건강관리협회 초등학생 금연 글짓기ㆍ그림 공모전 - 소년한국일보,소년한국일보,"Wed, 04 Mar 2026 00:21:32 GMT",https://news.google.com/rss/articles/CBMibEFVX3lxTE40X3BqMDV4aC1uNThTTmV1UjBuSWF4M2tmYmlYS0VZX2VfYkQwVWZUMDZGNThHYmVHSjBsTWhWY21DenNZS2I4ZEdYMlpXT0RLbmJ2YzZhRFBuaml0cjBXekpDbEV1b081eU1PZ9IBcEFVX3lxTFA5SlpRbkdoZGlzd05aSG9CeFZMN2dXcXExbElTWVFhT2xKSG1lRW5vTC13bURKLVhESXJZVm1zMUxQaG1uTEE1OEdDY0tGNUhqcVZ3UkY4N1Y1dkk0Q0FFTjZmZFo2bmg0Z3hkOGtOaHE?oc=5
2026-03-07,건강 관리 협회,3,건강관리협회 서울동부지부 2020년도 시무식 - 약업신문,약업신문,"Wed, 04 Mar 2026 06:04:07 GMT",https://news.google.com/rss/articles/CBMivAFBVV95cUxQRzljMUpHMEkwQ1JCTklIbmh4SF9SbVBXRG1iRGxQSW91elJNanNweVhoeXl0ZVE3RkhRNXJ6NWd2Tk53TkpGbFU3dmN4Yll0N1Z4VWtnbjl5akNVNHU4WE5lOTMwekRNeUpYZGN1LTZBdEtsWE93d1ZOeHFqV1FpWVl3UXRhd3JVSnNoM3B4eVVmT2Z6RFY5VDZVOFQxMmVSRF80Qnl4cjhTaTNFYUk3Z1NmN2xBUV9STDg2Yw?oc=5
2026-03-07,건강 관리 협회,4,한국건강관리협회 초등학생 금연 글짓기·그림 공모전 개최 - 부산일보사,부산일보사,"Tue, 03 Mar 2026 06:18:29 GMT",https://news.google.com/rss/articles/CBMidEFVX3lxTFB0QVM5aVVBbVE5TnJPQ3YzLUJ3dmZwVW9OcHFlOFNDbU90S1RXZm91VXZWa2dqQ0UzSC1wVTRVVEVEajZjN1NMU0N2NFJvWk1kQkdodlNGUWt2SjdmeVpNbXJiS1lFNTdyb2NCZ1ZYUEVrUVhI?oc=5
2026-03-07,건강 관리 협회,5,"한국건강관리협회 인천시지부, 구월동서 검진 본격 시작 - 전국매일신문",전국매일신문,"Mon, 02 Mar 2026 08:09:48 GMT",https://news.google.com/rss/articles/CBMiaEFVX3lxTFBoWTBLVkZ6UG4wdmYyR2JYYUtiSDdBZ210dEpaaXZEb25BYTdaYmUtWWNzVUFDOFZYc2UzNVN2VngySEFUcC1oazNIX3hSeTV0ajFxQVJhQ0Znbi1jdXY1UHlFNnBsRkx2?oc=5
2026-03-07,건강 관리 협회,6,"대한종합건강관리학회, 창립 40주년 학술대회 개최 - 메디칼업저버",메디칼업저버,"Thu, 05 Mar 2026 03:04:20 GMT",https://news.google.com/rss/articles/CBMia0FVX3lxTE50bEsxQmpFaDdpVU1ZMGx5UHdlQlp1UG9HNXJkYS03dFF3Z0NreTBwb285S19fY0lZOFJMcWVOTnhLT2JfRGpieUhkdC1nc3RqbFdHQ1ZLUHpBTVQtc1NKclppNkp4cENIdV9V?oc=5
2026-03-07,건강 관리 협회,7,"한국건강관리협회 인천광역시지부, 정월대보름 맞아 건강나눔 행사 전개 - livesnews.com",livesnews.com,"Wed, 04 Mar 2026 02:22:17 GMT",https://news.google.com/rss/articles/CBMiXEFVX3lxTFBhSEM4Zm5hSWZ1TDdjcDR1QUZFclIyb3c2b3lhWS1lZGdEbXAwb1RHVWVQay1zS2EtM2pSZXlUaGZiZnJ2Y2xNclB4cWNobkZubC1zNDMxX1JOZDFS?oc=5
2026-03-07,건강 관리 협회,8,"한국건강관리협회 강원특별자치도지부, 춘천시립복지원 생활인 대상 사회공헌 건강검진 실시 - 강원경제신문",강원경제신문,"Fri, 06 Mar 2026 10:01:00 GMT",https://news.google.com/rss/articles/CBMiPkFVX3lxTE5iRFdLWE1MdWE1ZXoxZS12OFVPUEZXWFc1Mzlybm9PcDF5V1ZRNlhBNFBRYUZ2QmoySnFJNzZB?oc=5
2026-03-07,건강 관리 협회,9,한국건강관리협회 경남지부 대보름 부럼 나눔 - 경남도민일보,경남도민일보,"Wed, 04 Mar 2026 02:15:06 GMT",https://news.google.com/rss/articles/CBMiakFVX3lxTFBKQ0VJQ01xNnJFSm40aGh6cWJ5OUFRVzE5Zjc4NzY5MG1LVENaVENVbXV1TGYzSzFYUHE4bFVyOGpHcjJkSkZjRHRsbmx5czAwMkRwM1NZNGM4S0JQMkl4bWFyYW80S2RhZnc?oc=5
2026-03-07,건강 관리 협회,10,"한국건강관리협회 부산동부검진센터, ‘우수 납세자’ 표창 - 국제신문",국제신문,"Sun, 01 Mar 2026 10:55:00 GMT",https://news.google.com/rss/articles/CBMijgFBVV95cUxONHFoZnNDdm1nNHBJcUlUekFoTGxlcV9jRF9KblI4NjlBbElIOVVVeTl6TjFfLWZFWDkzWk41dkJWVjV0QmpRYWRlX1RmbWxnUmtOdkxGMWpKUDdpUVYwbGhzX29Tdml2SlAxT0ZhSVJjRThqa3NNWkZtS0NXbUE0c29mdHk0Q3RLNFd6OF9n?oc=5
2026-03-07,건강 in,1,"'건강iN 매거진',국제비즈니스 대상 마케팅 부분 은상 - 약업신문",약업신문,"Wed, 04 Mar 2026 23:12:07 GMT",https://news.google.com/rss/articles/CBMipAFBVV95cUxQaG93WlFtNlc5UmJ1S3BFQW9pQWhBeDNoai1QVjR1UjJVb3dfUFhQNjQ1RkJUamY4TWlfQUFBOFJrLWhWS2FFMnhCWXkwM2owNXZFYTBaWWtTUXdjUWY3Wnk1cXRMQWFHZ2EySzJsRGM5ZzRpNWd6ckl6ekwwSjBIQ2sza0hpY0NiWDJXNmtmVTh6Qkd1Tkk3UldvdTFmb1VkeDR3Qg?oc=5
2026-03-07,건강 in,2,연기 OUT! 건강 IN! 금연 새바람 - 데일리대구경북뉴스,데일리대구경북뉴스,"Mon, 29 Sep 2025 07:00:00 GMT",https://news.google.com/rss/articles/CBMiZkFVX3lxTE5QbjNrNk1IVjVTU0tnRmt6VjFKdlVVUV9fQmhiNHJxNTgzWXVWZzZ0QXRGYndpZHRQWGhzcWlWY2MtemJOZHhYVnFuX05JYmFzeDd1UmhJSTk1NDFmNndWaXVTVHpQUQ?oc=5
2026-03-07,건강 in,3,"[건강IN] 한국인의 하루평균 걸음수 세계 2위, 약 만보 기록 - 뉴스비전e",뉴스비전e,"Thu, 18 Dec 2025 08:00:00 GMT",https://news.google.com/rss/articles/CBMiZ0FVX3lxTE9URjE3dmZvSDdyQmRTNFAxOWd3Skh3elNqOWh5NFlHdnZCVG1LRTZyVHFlMHg5Yk1RTGV0eWJmZ09WTk9VaUFfc1h2b3JEYnVFOVdSaE1jeF9NZFZFVDY2OEdfVExPeDA?oc=5
2026-03-07,건강 in,4,"건강iN 홈페이지, 웹 접근성 품질 인증마크 획득 - 메디포뉴스",메디포뉴스,"Mon, 31 Jul 2017 07:00:00 GMT",https://news.google.com/rss/articles/CBMiZEFVX3lxTE1ycGlLQTItWkRxSU9UQUNycWxFSlNNdjk3bzRkNGlyRWdfRTF6RGdRUmxEeEdfV3lyMHlhYWMtSm1PVnFYN2RzTlhTcHFDVjBLS0Jwc1ZrQ0J3SVY2WTBLR3V1RTg?oc=5
2026-03-07,건강 in,5,"건강iN, 건강예측서비스 제공 이벤트 실시 - 후생신보",후생신보,"Fri, 05 Mar 2021 08:00:00 GMT",https://news.google.com/rss/articles/CBMiREFVX3lxTFBIOHhSQ2RrYl9DT0FqVEhMOXd0NjhEeEpzS09HbktXRFM5M3ZQWlFwbF9UczI2UjFPV3ktQ2VRajNqUG56?oc=5
2026-03-07,건강 in,6,"공단, '건강iN 콘텐츠 만족도 조사' 실시 - 청년의사",청년의사,"Mon, 28 Nov 2022 08:00:00 GMT",https://news.google.com/rss/articles/CBMib0FVX3lxTE1hVG15clJEOWVkaVdfclVFb0R4YmNxeUtCOGxyV2tlc1FqLTlNREVxSlB5eFhlb2NSXy1OWjRzNEE0VEhFY0F4VVlRWXRwSkJFYXBrNktFQ2ppZkREeEZscWhuX19NNWExQjFGR3FNWdIBc0FVX3lxTE9BemFjMWF5Szc3VGFlTHYwcHE2bnFTWERmNWFfaUVMTER2SWY1cWtRenc4eFQ0Q0ZyV0ZnRTBETUNXZGxZZE0xVEhaMXBPa0dsaUpLQWlwTjRpejNsdDhvZV96MjhKdHJaa1RPX0s0Y0tHYlk?oc=5
2026-03-07,건강 in,7,"건보공단 '건강iN', 한국소비자평가 최고 브랜드대상 수상 - 약사공론",약사공론,"Mon, 29 Jan 2018 08:00:00 GMT",https://news.google.com/rss/articles/CBMibEFVX3lxTE1ld0wxdmVnMjdTelpuRksxVmFVdS1QUGk3V05wXy1iUFRWZS1RajcyNG1jMURON2laNGg4c1IzSVhXeHpUeTV3OXlxelE3VWdCQmR5UHZKUjZocC1NSlZPclZCdjJMQm8xUUpwQw?oc=5
2026-03-07,건강 in,8,"[데일리팜]건강보험 빅데이터 활용, 건강예측서비스 제공 이벤트 - Dailypharm.com",Dailypharm.com,"Fri, 05 Mar 2021 08:00:00 GMT",https://news.google.com/rss/articles/CBMiVEFVX3lxTE44Y2k4WXYyaXNfZVp1ZHAwNUlEczktaVVfVzlibzZ6TUxxeFAzRW1ONmtkbnVXOEM1RzkyNHZMY2g0ZXlUa0N1eVprdWJXdzc3T2lOQg?oc=5
2026-03-07,건강 in,9,"무료로 국가건강검진 받고, 건강 관리 시작! - 대한민국 정책브리핑",대한민국 정책브리핑,"Thu, 15 Jun 2023 07:00:00 GMT",https://news.google.com/rss/articles/CBMiakFVX3lxTE00M2lucGFiTjB1eUxEVnVISTIwR0c2eEdmN3pQa1FBeW8weXFQYlpWYktHeUxlZ2VzbUlzMk1uTWxYclpLemozS09PZUF6dmxLbV9PZnFwTlg0WkR3bzZ3c3ZCaHZCeDZKTGc?oc=5
2026-03-07,건강 in,10,건강정보사이트 '건강iN' 새단장 - 의협신문,의협신문,"Tue, 13 Dec 2011 08:00:00 GMT",https://news.google.com/rss/articles/CBMia0FVX3lxTE5YbE1NZDc5V285ZW44aDFUWlBGWEVLNnEtekdnV1BJbWdsUjJDMFBiNS1QekJOalhKbm1ldnNnVHk1dVB3WldCY3k3cUhPNUJrSzQ0TlpqRGFiVzRlU01LMTlZNWtQWWhUX3dj?oc=5
